{"base_files_url": "https://raw.githubusercontent.com/davewongillies/mister-duke3d/874dfc2cccd601fc05d0e1c769a16a5d18deaeb5/", "db_id": "davewongillies/mister-duke3d", "db_url": "https://raw.githubusercontent.com/davewongillies/mister-duke3d/db/db.json.zip", "files": {"Games/Duke3D/.config/pulse/9fc18cb46d5da52feb8efece00000003-runtime": {"hash": "51d773a8b785a22f36c41e0194408435", "size": 23, "tags": [16, 17, 18, 19]}, "Games/Duke3D/arm-linux-gnueabihf/caca/libgl_plugin.so": {"hash": "0ad1ef0f0d88de9441cc9ca21e9740c6", "size": 21, "tags": [16, 17, 19, 20]}, "Games/Duke3D/arm-linux-gnueabihf/caca/libgl_plugin.so.0": {"hash": "0ad1ef0f0d88de9441cc9ca21e9740c6", "size": 21, "tags": [16, 17, 19, 20]}, "Games/Duke3D/arm-linux-gnueabihf/caca/libgl_plugin.so.0.0.0": {"hash": "7e2366989a3916a812ef589f9bf9cf91", "size": 13876, "tags": [16, 17, 19, 20]}, "Games/Duke3D/arm-linux-gnueabihf/caca/libx11_plugin.so": {"hash": "53efc7e6fc06c8dbe2a064c3ae66501a", "size": 22, "tags": [16, 17, 19, 20]}, "Games/Duke3D/arm-linux-gnueabihf/caca/libx11_plugin.so.0": {"hash": "53efc7e6fc06c8dbe2a064c3ae66501a", "size": 22, "tags": [16, 17, 19, 20]}, "Games/Duke3D/arm-linux-gnueabihf/caca/libx11_plugin.so.0.0.0": {"hash": "9ba573baa0c1ad5bae4f267dbe980e2c", "size": 13948, "tags": [16, 17, 19, 20]}, "Games/Duke3D/arm-linux-gnueabihf/directfb-1.2-9/gfxdrivers/libdirectfb_ati128.so": {"hash": "181078bd9d8a8e5465bf04616be31782", "size": 13712, "tags": [16, 17, 19, 20]}, "Games/Duke3D/arm-linux-gnueabihf/directfb-1.2-9/gfxdrivers/libdirectfb_cyber5k.so": {"hash": "73425ba95dd6c1e48b7e51d499b9971a", "size": 17884, "tags": [16, 17, 19, 20]}, "Games/Duke3D/arm-linux-gnueabihf/directfb-1.2-9/gfxdrivers/libdirectfb_davinci.so": {"hash": "f8a7e2344db4e98efa444c337df39127", "size": 26048, "tags": [16, 17, 19, 20]}, "Games/Duke3D/arm-linux-gnueabihf/directfb-1.2-9/gfxdrivers/libdirectfb_ep9x.so": {"hash": "e2b39923b91db8573333db4d600bf2e9", "size": 9544, "tags": [16, 17, 19, 20]}, "Games/Duke3D/arm-linux-gnueabihf/directfb-1.2-9/gfxdrivers/libdirectfb_mach64.so": {"hash": "c244fde42e09138f1099899e5c2f4050", "size": 30148, "tags": [16, 17, 19, 20]}, "Games/Duke3D/arm-linux-gnueabihf/directfb-1.2-9/gfxdrivers/libdirectfb_matrox.so": {"hash": "22785f53ccbf7460d5eaf7e2eecdd0b4", "size": 63128, "tags": [16, 17, 19, 20]}, "Games/Duke3D/arm-linux-gnueabihf/directfb-1.2-9/gfxdrivers/libdirectfb_nsc.so": {"hash": "cdec4cbf7a15275559471e857454c5de", "size": 34120, "tags": [16, 17, 19, 20]}, "Games/Duke3D/arm-linux-gnueabihf/directfb-1.2-9/gfxdrivers/libdirectfb_nvidia.so": {"hash": "7955a2cda0a0b94b296319637d634b01", "size": 91668, "tags": [16, 17, 19, 20]}, "Games/Duke3D/arm-linux-gnueabihf/directfb-1.2-9/gfxdrivers/libdirectfb_omap.so": {"hash": "06798723c486bfa35a0aaae66ba9f22a", "size": 5520, "tags": [16, 17, 19, 20]}, "Games/Duke3D/arm-linux-gnueabihf/directfb-1.2-9/gfxdrivers/libdirectfb_radeon.so": {"hash": "1d6df4c15d6c8d7dd125c18f4dcccbb5", "size": 95952, "tags": [16, 17, 19, 20]}, "Games/Duke3D/arm-linux-gnueabihf/directfb-1.2-9/gfxdrivers/libdirectfb_sis315.so": {"hash": "d98d01be990b94e1e4798deda83360a0", "size": 9544, "tags": [16, 17, 19, 20]}, "Games/Duke3D/arm-linux-gnueabihf/directfb-1.2-9/gfxdrivers/libdirectfb_tdfx.so": {"hash": "1434929b747faf57a394a551c664b524", "size": 9544, "tags": [16, 17, 19, 20]}, "Games/Duke3D/arm-linux-gnueabihf/directfb-1.2-9/gfxdrivers/libdirectfb_vmware.so": {"hash": "91ea3914f3b0e92d7ca7a014e5a05ada", "size": 5448, "tags": [16, 17, 19, 20]}, "Games/Duke3D/arm-linux-gnueabihf/directfb-1.2-9/inputdrivers/libdirectfb_joystick.so": {"hash": "2ca3cc2a06f65a6127360e3ef6912337", "size": 9576, "tags": [16, 17, 19, 20]}, "Games/Duke3D/arm-linux-gnueabihf/directfb-1.2-9/inputdrivers/libdirectfb_keyboard.so": {"hash": "afa0ad7113e449dee5732d3c59690a83", "size": 9576, "tags": [16, 17, 19, 20]}, "Games/Duke3D/arm-linux-gnueabihf/directfb-1.2-9/inputdrivers/libdirectfb_linux_input.so": {"hash": "cec8fe9984a8d52d34755c1da0da35b3", "size": 17768, "tags": [16, 17, 19, 20]}, "Games/Duke3D/arm-linux-gnueabihf/directfb-1.2-9/inputdrivers/libdirectfb_lirc.so": {"hash": "f2e691f2613093aeb1d819b7cfaaa6bc", "size": 16424, "tags": [16, 17, 19, 20]}, "Games/Duke3D/arm-linux-gnueabihf/directfb-1.2-9/inputdrivers/libdirectfb_mutouch.so": {"hash": "2bf00e751fd6fefe4a81bd7e331c27e6", "size": 9576, "tags": [16, 17, 19, 20]}, "Games/Duke3D/arm-linux-gnueabihf/directfb-1.2-9/inputdrivers/libdirectfb_penmount.so": {"hash": "bb7ba253225a0d5819340fdbb2d3bf12", "size": 9584, "tags": [16, 17, 19, 20]}, "Games/Duke3D/arm-linux-gnueabihf/directfb-1.2-9/inputdrivers/libdirectfb_ps2mouse.so": {"hash": "f206fbadbf088f446dd61955b4c7f6f6", "size": 9588, "tags": [16, 17, 19, 20]}, "Games/Duke3D/arm-linux-gnueabihf/directfb-1.2-9/inputdrivers/libdirectfb_serialmouse.so": {"hash": "4727b6fa1b2969a6c632fd4048ad401e", "size": 9576, "tags": [16, 17, 19, 20]}, "Games/Duke3D/arm-linux-gnueabihf/directfb-1.2-9/inputdrivers/libdirectfb_sonypi.so": {"hash": "095b2fc903a5dbe957d44eabd545c759", "size": 5480, "tags": [16, 17, 19, 20]}, "Games/Duke3D/arm-linux-gnueabihf/directfb-1.2-9/inputdrivers/libdirectfb_ucb1x00_ts.so": {"hash": "de5599fa2b1db7f9c28a332a6f37e3d9", "size": 9576, "tags": [16, 17, 19, 20]}, "Games/Duke3D/arm-linux-gnueabihf/directfb-1.2-9/inputdrivers/libdirectfb_wm97xx_ts.so": {"hash": "899cbcd71e91e504fe3944075426cc56", "size": 9576, "tags": [16, 17, 19, 20]}, "Games/Duke3D/arm-linux-gnueabihf/directfb-1.2-9/interfaces/IDirectFBFont/libidirectfbfont_default.so": {"hash": "373c1947e5c85869a377010c79780f42", "size": 26848, "tags": [16, 17, 19, 20]}, "Games/Duke3D/arm-linux-gnueabihf/directfb-1.2-9/interfaces/IDirectFBFont/libidirectfbfont_dgiff.so": {"hash": "aa07ff54884d1dbc7beabb0a02cafaf2", "size": 9540, "tags": [16, 17, 19, 20]}, "Games/Duke3D/arm-linux-gnueabihf/directfb-1.2-9/interfaces/IDirectFBImageProvider/libidirectfbimageprovider_dfiff.so": {"hash": "d937d160f016293c43da947811900291", "size": 9540, "tags": [16, 17, 19, 20]}, "Games/Duke3D/arm-linux-gnueabihf/directfb-1.2-9/interfaces/IDirectFBImageProvider/libidirectfbimageprovider_gif.so": {"hash": "aef03f3935ede567d3654d35ca147f1f", "size": 13636, "tags": [16, 17, 19, 20]}, "Games/Duke3D/arm-linux-gnueabihf/directfb-1.2-9/interfaces/IDirectFBVideoProvider/libidirectfbvideoprovider_gif.so": {"hash": "bf479090fe9e87719f5f1c7a22112db6", "size": 13636, "tags": [16, 17, 19, 20]}, "Games/Duke3D/arm-linux-gnueabihf/directfb-1.2-9/interfaces/IDirectFBVideoProvider/libidirectfbvideoprovider_v4l.so": {"hash": "2d3b8616fd2ad03290e913e0f13c83df", "size": 17732, "tags": [16, 17, 19, 20]}, "Games/Duke3D/arm-linux-gnueabihf/directfb-1.2-9/systems/libdirectfb_devmem.so": {"hash": "1e57728b1868c7d038c28c68b7f383bf", "size": 13760, "tags": [16, 17, 19, 20]}, "Games/Duke3D/arm-linux-gnueabihf/directfb-1.2-9/systems/libdirectfb_fbdev.so": {"hash": "0e5422b03b8060ad8ed8f7753cb33467", "size": 38468, "tags": [16, 17, 19, 20]}, "Games/Duke3D/arm-linux-gnueabihf/directfb-1.2-9/wm/libdirectfbwm_default.so": {"hash": "cc08c69964acc6b0de6f164945697fa2", "size": 26036, "tags": [16, 17, 19, 20]}, "Games/Duke3D/arm-linux-gnueabihf/directfb-1.2-9/wm/libdirectfbwm_unique.so": {"hash": "492fc903abd0ee507be74189ef2b008a", "size": 9648, "tags": [16, 17, 19, 20]}, "Games/Duke3D/arm-linux-gnueabihf/libFLAC.so.8": {"hash": "23a02b50899e3d21abab9b220ec4dcd7", "size": 247204, "tags": [16, 17, 19, 20]}, "Games/Duke3D/arm-linux-gnueabihf/libFLAC.so.8.3.0": {"hash": "c4f1fb13d534fd8b365f785a16d71283", "size": 255356, "tags": [16, 17, 19, 20]}, "Games/Duke3D/arm-linux-gnueabihf/libICE.so.6": {"hash": "b2d73a9b802f3ac31c11b5c3899d4d2f", "size": 59876, "tags": [16, 17, 19, 20]}, "Games/Duke3D/arm-linux-gnueabihf/libICE.so.6.3.0": {"hash": "b2d73a9b802f3ac31c11b5c3899d4d2f", "size": 59876, "tags": [16, 17, 19, 20]}, "Games/Duke3D/arm-linux-gnueabihf/libSDL-1.2.so.0": {"hash": "f80bbc999b05038e5c49edc0f648b921", "size": 274324, "tags": [16, 17, 19, 20]}, "Games/Duke3D/arm-linux-gnueabihf/libSDL-1.2.so.0.11.4.bak": {"hash": "e50bd2c222e47d4c473843e7f374355e", "size": 282556, "tags": [16, 17, 19, 20]}, "Games/Duke3D/arm-linux-gnueabihf/libSDL-1.2.so.0.bak": {"hash": "9ca9f07ed6473e692715054537a717ff", "size": 20, "tags": [16, 17, 19, 20]}, "Games/Duke3D/arm-linux-gnueabihf/libSDL.so": {"hash": "f80bbc999b05038e5c49edc0f648b921", "size": 274324, "tags": [16, 17, 19, 20]}, "Games/Duke3D/arm-linux-gnueabihf/libSDL_mixer-1.2.so.0": {"hash": "a2bbfe4f2e6d3bdecb64face87f4f763", "size": 135688, "tags": [16, 17, 19, 20]}, "Games/Duke3D/arm-linux-gnueabihf/libSDL_mixer.so": {"hash": "a2bbfe4f2e6d3bdecb64face87f4f763", "size": 135688, "tags": [16, 17, 19, 20]}, "Games/Duke3D/arm-linux-gnueabihf/libSM.so.6": {"hash": "da0c7dc222d1314e7b4a0d776b2f1527", "size": 22064, "tags": [16, 17, 19, 20]}, "Games/Duke3D/arm-linux-gnueabihf/libSM.so.6.0.1": {"hash": "525f7cfe628f65e0e19052b8ddb8339a", "size": 22024, "tags": [16, 17, 19, 20]}, "Games/Duke3D/arm-linux-gnueabihf/libX11-xcb.so.1": {"hash": "a4da1c22e51f4d34e7a5f320af8217c9", "size": 5416, "tags": [16, 17, 19, 20]}, "Games/Duke3D/arm-linux-gnueabihf/libX11-xcb.so.1.0.0": {"hash": "811ffa95029fa3fbed2b6d64e3b1a593", "size": 5372, "tags": [16, 17, 19, 20]}, "Games/Duke3D/arm-linux-gnueabihf/libX11.so": {"hash": "4f8e80884c171dcf6200a67f545648dc", "size": 932600, "tags": [16, 17, 19, 20]}, "Games/Duke3D/arm-linux-gnueabihf/libX11.so.6": {"hash": "4f8e80884c171dcf6200a67f545648dc", "size": 932600, "tags": [16, 17, 19, 20]}, "Games/Duke3D/arm-linux-gnueabihf/libX11.so.6.3.0": {"hash": "27f350296c5fae417381bf7aaad96241", "size": 928460, "tags": [16, 17, 19, 20]}, "Games/Duke3D/arm-linux-gnueabihf/libXau.so.6": {"hash": "746061c21637b509ae5b1cc9eff4990a", "size": 9688, "tags": [16, 17, 19, 20]}, "Games/Duke3D/arm-linux-gnueabihf/libXau.so.6.0.0": {"hash": "63541f49db1e824dac84ed93103e79b9", "size": 9652, "tags": [16, 17, 19, 20]}, "Games/Duke3D/arm-linux-gnueabihf/libXdmcp.so.6": {"hash": "82e2ae4ac31a174e155ad44038fdc016", "size": 13760, "tags": [16, 17, 19, 20]}, "Games/Duke3D/arm-linux-gnueabihf/libXdmcp.so.6.0.0": {"hash": "82e2ae4ac31a174e155ad44038fdc016", "size": 13760, "tags": [16, 17, 19, 20]}, "Games/Duke3D/arm-linux-gnueabihf/libXext.so.6": {"hash": "78a8fd9570e6a623064ccca825c598b2", "size": 43208, "tags": [16, 17, 19, 20]}, "Games/Duke3D/arm-linux-gnueabihf/libXext.so.6.4.0": {"hash": "78a8fd9570e6a623064ccca825c598b2", "size": 43208, "tags": [16, 17, 19, 20]}, "Games/Duke3D/arm-linux-gnueabihf/libXi.so.6": {"hash": "c4121ac5a3b62e2ff44870cd79c72979", "size": 38476, "tags": [16, 17, 19, 20]}, "Games/Duke3D/arm-linux-gnueabihf/libXi.so.6.1.0": {"hash": "c4121ac5a3b62e2ff44870cd79c72979", "size": 38476, "tags": [16, 17, 19, 20]}, "Games/Duke3D/arm-linux-gnueabihf/libXtst.so.6": {"hash": "b33b2493599aea6bbfa4253f4474b329", "size": 13868, "tags": [16, 17, 19, 20]}, "Games/Duke3D/arm-linux-gnueabihf/libXtst.so.6.1.0": {"hash": "b33b2493599aea6bbfa4253f4474b329", "size": 13868, "tags": [16, 17, 19, 20]}, "Games/Duke3D/arm-linux-gnueabihf/libasyncns.so.0": {"hash": "c126a5d11c669d8f4f0263956170c364", "size": 17712, "tags": [16, 17, 19, 20]}, "Games/Duke3D/arm-linux-gnueabihf/libasyncns.so.0.3.1": {"hash": "c126a5d11c669d8f4f0263956170c364", "size": 17712, "tags": [16, 17, 19, 20]}, "Games/Duke3D/arm-linux-gnueabihf/libbsd.so.0": {"hash": "db877b6efcc17573abd7adc313990360", "size": 75476, "tags": [16, 17, 19, 20]}, "Games/Duke3D/arm-linux-gnueabihf/libbsd.so.0.7.0": {"hash": "8825d83ed9cf2c634fda9ff0939a886e", "size": 38856, "tags": [16, 17, 19, 20]}, "Games/Duke3D/arm-linux-gnueabihf/libcaca++.so.0": {"hash": "6b1ac601cc7d698e19b1eab711d5654a", "size": 20, "tags": [16, 17, 19, 20]}, "Games/Duke3D/arm-linux-gnueabihf/libcaca++.so.0.99.19": {"hash": "09a6d9adc351123df54f8a4a46f6ebe3", "size": 18140, "tags": [16, 17, 19, 20]}, "Games/Duke3D/arm-linux-gnueabihf/libcaca.so.0": {"hash": "0c964892a8142310b3452d783d466207", "size": 764344, "tags": [16, 17, 19, 20]}, "Games/Duke3D/arm-linux-gnueabihf/libcaca.so.0.99.19": {"hash": "80ce3aadf719ad3f7d5af142d3c1a773", "size": 764300, "tags": [16, 17, 19, 20]}, "Games/Duke3D/arm-linux-gnueabihf/libdavinci_c64x.so.0": {"hash": "f6bb30e35a6f42eafd346c44f906de81", "size": 24, "tags": [16, 17, 19, 20]}, "Games/Duke3D/arm-linux-gnueabihf/libdavinci_c64x.so.0.0.0": {"hash": "e7176d1a09340b87320cee8f45d615d4", "size": 17816, "tags": [16, 17, 19, 20]}, "Games/Duke3D/arm-linux-gnueabihf/libdb-5.3.so": {"hash": "919cd8e0a4c116d61018f38c9bd2aab9", "size": 1111212, "tags": [16, 17, 19, 20]}, "Games/Duke3D/arm-linux-gnueabihf/libdirect-1.2.so.9": {"hash": "43470e00378ed637a1ef6be7fb7f7c07", "size": 22, "tags": [16, 17, 19, 20]}, "Games/Duke3D/arm-linux-gnueabihf/libdirect-1.2.so.9.0.1": {"hash": "b5c8358fdcd31aebad6d6ef7b628045b", "size": 63100, "tags": [16, 17, 19, 20]}, "Games/Duke3D/arm-linux-gnueabihf/libdirectfb-1.2.so.9": {"hash": "60296b9a6ce7032425f91510d7ded46b", "size": 24, "tags": [16, 17, 19, 20]}, "Games/Duke3D/arm-linux-gnueabihf/libdirectfb-1.2.so.9.0.1": {"hash": "ed24c47d1a23d7f6c1939a44ae5826ab", "size": 325672, "tags": [16, 17, 19, 20]}, "Games/Duke3D/arm-linux-gnueabihf/libfluidsynth.so.1": {"hash": "0579a561ee05881317c717f345e57e0b", "size": 237396, "tags": [16, 17, 19, 20]}, "Games/Duke3D/arm-linux-gnueabihf/libfusion-1.2.so.9": {"hash": "2ee68928fb8c36eef6c462896f5bc4fa", "size": 22, "tags": [16, 17, 19, 20]}, "Games/Duke3D/arm-linux-gnueabihf/libfusion-1.2.so.9.0.1": {"hash": "29c1b1ac729a325de985b0c960c9bdda", "size": 25932, "tags": [16, 17, 19, 20]}, "Games/Duke3D/arm-linux-gnueabihf/liblz4.so.1": {"hash": "ec46ccce8ecfbf2a3f18f251bd459fcd", "size": 46616, "tags": [16, 17, 19, 20]}, "Games/Duke3D/arm-linux-gnueabihf/libmad.so.0": {"hash": "7da4ea266f1f7c83ba5a2e26db62bc32", "size": 79420, "tags": [16, 17, 19, 20]}, "Games/Duke3D/arm-linux-gnueabihf/libmikmod.so.3": {"hash": "d0a96cfa2d4d3c992c9e272f7646dff3", "size": 176840, "tags": [16, 17, 19, 20]}, "Games/Duke3D/arm-linux-gnueabihf/libncursesw.so.5": {"hash": "9132111744c49b151f26c3f002eb58af", "size": 116076, "tags": [16, 17, 19, 20]}, "Games/Duke3D/arm-linux-gnueabihf/libopenal.so.1": {"hash": "278334e399f78b3051caeae95e971f5c", "size": 355132, "tags": [16, 17, 19, 20]}, "Games/Duke3D/arm-linux-gnueabihf/libpcre.so.3": {"hash": "927463f2d92cea70316aa99857ad99c9", "size": 320860, "tags": [16, 17, 19, 20]}, "Games/Duke3D/arm-linux-gnueabihf/libpulse-simple.so.0": {"hash": "ad392f6ccf7bd40c6c328c501d5116f7", "size": 13672, "tags": [16, 17, 19, 20]}, "Games/Duke3D/arm-linux-gnueabihf/libpulse-simple.so.0.1.0": {"hash": "ad392f6ccf7bd40c6c328c501d5116f7", "size": 13672, "tags": [16, 17, 19, 20]}, "Games/Duke3D/arm-linux-gnueabihf/libpulse.so.0": {"hash": "c81bf9a99b14ccbdfc5daae7bffc5245", "size": 211160, "tags": [16, 17, 19, 20]}, "Games/Duke3D/arm-linux-gnueabihf/libpulse.so.0.20.1": {"hash": "c81bf9a99b14ccbdfc5daae7bffc5245", "size": 211160, "tags": [16, 17, 19, 20]}, "Games/Duke3D/arm-linux-gnueabihf/libreadline.so.7": {"hash": "90054f7f7b108587bf72e70f07cc11b5", "size": 182716, "tags": [16, 17, 19, 20]}, "Games/Duke3D/arm-linux-gnueabihf/libselinux.so.1": {"hash": "6ffcb5b0a917ab5edffce22da65fb4a9", "size": 100748, "tags": [16, 17, 19, 20]}, "Games/Duke3D/arm-linux-gnueabihf/libsndfile.so.1": {"hash": "3cfb60ad54f02bbf95847150f2922c31", "size": 338680, "tags": [16, 17, 19, 20]}, "Games/Duke3D/arm-linux-gnueabihf/libsndfile.so.1.0.28": {"hash": "5cf3dbd8e722d27ad6a78cb7a95304ba", "size": 338652, "tags": [16, 17, 19, 20]}, "Games/Duke3D/arm-linux-gnueabihf/libsndio.so.6.1": {"hash": "d52f9af87421ca1986fecc8632a6d018", "size": 38416, "tags": [16, 17, 19, 20]}, "Games/Duke3D/arm-linux-gnueabihf/libsystemd.so.0": {"hash": "269d437ced518c8e61aa650e44144866", "size": 363440, "tags": [16, 17, 19, 20]}, "Games/Duke3D/arm-linux-gnueabihf/libsystemd.so.0.3.1": {"hash": "01d0f3f7766041b9fcf67f6e4363186a", "size": 91664, "tags": [16, 17, 19, 20]}, "Games/Duke3D/arm-linux-gnueabihf/libtinfo.so.5": {"hash": "39ee779b89d6fa99c3c9c2714bc96a67", "size": 108428, "tags": [16, 17, 19, 20]}, "Games/Duke3D/arm-linux-gnueabihf/libtinfo.so.6": {"hash": "7b4ef4b745a18c84e7fd46196cd1eb2d", "size": 15, "tags": [16, 17, 19, 20]}, "Games/Duke3D/arm-linux-gnueabihf/libtinfo.so.6.1": {"hash": "8954d0978b51f31adfdf367a17a52272", "size": 116836, "tags": [16, 17, 19, 20]}, "Games/Duke3D/arm-linux-gnueabihf/libuniquewm-1.2.so.9": {"hash": "e2ce1d2d84281480fd58d6805ba5874f", "size": 24, "tags": [16, 17, 19, 20]}, "Games/Duke3D/arm-linux-gnueabihf/libuniquewm-1.2.so.9.0.1": {"hash": "e152f38d309e0ea29eceadef28375753", "size": 91568, "tags": [16, 17, 19, 20]}, "Games/Duke3D/arm-linux-gnueabihf/libwrap.so.0": {"hash": "7df5f9f3760006dbe2979795de7934a8", "size": 26456, "tags": [16, 17, 19, 20]}, "Games/Duke3D/arm-linux-gnueabihf/libwrap.so.0.7.6": {"hash": "400da428e75f4b6a5ef84b7d1007269e", "size": 26416, "tags": [16, 17, 19, 20]}, "Games/Duke3D/arm-linux-gnueabihf/libxcb.so.1": {"hash": "05099edc6052590409bdbac49ae61175", "size": 96124, "tags": [16, 17, 19, 20]}, "Games/Duke3D/arm-linux-gnueabihf/libxcb.so.1.1.0": {"hash": "05099edc6052590409bdbac49ae61175", "size": 96124, "tags": [16, 17, 19, 20]}, "Games/Duke3D/arm-linux-gnueabihf/pulseaudio/libpulsecommon-10.0.so": {"hash": "0fb65c1b57f7a22980db2403ea45bce2", "size": 349740, "tags": [16, 17, 19, 20]}, "Games/Duke3D/chocolate-duke3d": {"hash": "dfa8bad57be1a589db7baea281e51267", "size": 1679236, "tags": [16, 17, 19]}, "Games/Duke3D/duke3d": {"hash": "4a7ece281f1f584d5ce2fcfccade332b", "size": 937592, "tags": [16, 17, 19]}, "Games/Duke3D/duke3d.cfg": {"hash": "e7ab593b4e32f0512ed6f3df05727f48", "size": 2804, "tags": [16, 17, 19]}, "Scripts/Duke3D.sh": {"hash": "134a4f3bf81ed45c8b3b0b4734308b10", "size": 525, "tags": [21]}}, "folders": {"Games": {"tags": [16]}, "Games/Duke3D": {"tags": [16, 17]}, "Games/Duke3D/.config": {"tags": [16, 17, 19]}, "Games/Duke3D/.config/pulse": {"tags": [16, 17, 19]}, "Games/Duke3D/arm-linux-gnueabihf": {"tags": [16, 17, 19]}, "Games/Duke3D/arm-linux-gnueabihf/caca": {"tags": [16, 17, 19]}, "Games/Duke3D/arm-linux-gnueabihf/directfb-1.2-9": {"tags": [16, 17, 19]}, "Games/Duke3D/arm-linux-gnueabihf/directfb-1.2-9/gfxdrivers": {"tags": [16, 17, 19]}, "Games/Duke3D/arm-linux-gnueabihf/directfb-1.2-9/inputdrivers": {"tags": [16, 17, 19]}, "Games/Duke3D/arm-linux-gnueabihf/directfb-1.2-9/interfaces": {"tags": [16, 17, 19]}, "Games/Duke3D/arm-linux-gnueabihf/directfb-1.2-9/interfaces/IDirectFBFont": {"tags": [16, 17, 19]}, "Games/Duke3D/arm-linux-gnueabihf/directfb-1.2-9/interfaces/IDirectFBImageProvider": {"tags": [16, 17, 19]}, "Games/Duke3D/arm-linux-gnueabihf/directfb-1.2-9/interfaces/IDirectFBVideoProvider": {"tags": [16, 17, 19]}, "Games/Duke3D/arm-linux-gnueabihf/directfb-1.2-9/systems": {"tags": [16, 17, 19]}, "Games/Duke3D/arm-linux-gnueabihf/directfb-1.2-9/wm": {"tags": [16, 17, 19]}, "Games/Duke3D/arm-linux-gnueabihf/pulseaudio": {"tags": [16, 17, 19]}, "Scripts": {"tags": [21]}}, "tag_dictionary": {".config": 18, "armlinuxgnueabihf": 20, "duke3d": 17, "extrautilities": 19, "games": 16, "scripts": 21}, "timestamp": 1740766053}